Date,Ticker,Open,High,Low,Close,Volume
2024-09-05,AAPL,191.8642463024142,192.77401634575588,191.49531242575463,191.8642463024142,12055079
2024-09-05,MSFT,426.46165030227104,427.6422146948551,424.0829179354424,426.46165030227104,4892478
2024-09-05,SPY,502.70212799819615,507.68522933304973,498.34597285381807,502.70212799819615,24802311
2024-09-06,AAPL,191.8642463024142,192.05195507737355,191.35748658368337,191.4357237150054,42066066
2024-09-06,MSFT,426.46165030227104,432.71805790615406,423.34570607836275,430.1699448244764,54315765
2024-09-06,SPY,502.70212799819615,506.82434893463306,496.02260063643695,498.8752148297986,16773394
2024-09-09,AAPL,191.4357237150054,194.81947621114065,191.1123216544048,193.86639822096916,15781009
2024-09-09,MSFT,430.1699448244764,434.09465772491444,427.8781949569532,429.8780115928568,12831890
2024-09-09,SPY,498.8752148297986,502.341810764289,491.3988698919986,495.89765251069895,2225391
2024-09-10,AAPL,193.86639822096916,200.54774338569487,193.32630516489633,199.60268103726227,56952704
2024-09-10,MSFT,429.8780115928568,430.78360202213236,417.44884221127137,417.700056810482,49005718
2024-09-10,SPY,495.89765251069895,498.5382713069986,485.49185186364224,490.11354326061354,50448102
2024-09-11,AAPL,199.60268103726227,199.94839661320933,198.44441263196734,198.79630293050892,44531405
2024-09-11,MSFT,417.700056810482,423.7359206174481,415.3513426911165,421.1125302746384,7949852
2024-09-11,SPY,490.11354326061354,494.19486181948383,488.04337951275164,491.98656501020866,8698541
2024-09-12,AAPL,198.79630293050892,199.65878396939704,197.8176189303996,197.99324395445498,48962034
2024-09-12,MSFT,421.1125302746384,425.565056159692,417.0798502085081,422.8942244649029,2029725
2024-09-12,SPY,491.98656501020866,492.4017641843801,489.56326960783434,491.41745479932746,18968603
2024-09-13,AAPL,197.99324395445498,204.8814128491624,197.75439307989018,204.06819144485553,2703662
2024-09-13,MSFT,422.8942244649029,428.2792371559683,422.1528784463553,425.16231684477674,50495982
2024-09-13,SPY,491.41745479932746,493.38002253795264,482.45416246716877,487.01417925031876,49427053
2024-09-16,AAPL,204.06819144485553,208.40305351717467,203.12788854636926,207.12745885870032,53637233
2024-09-16,MSFT,425.16231684477674,425.7216930630828,413.05718907610725,415.927106452881,11184536
2024-09-16,SPY,487.01417925031876,491.44666398171614,482.98706071459634,486.2700647269464,39187064
2024-09-17,AAPL,207.12745885870032,208.44291219911543,204.95155424179822,205.37531276130616,39646529
2024-09-17,MSFT,415.927106452881,418.9044165157506,407.47897930403565,408.29939032979775,49766655
2024-09-17,SPY,486.2700647269464,492.982528071103,485.7058811592567,489.03104654772847,23385690
2024-09-18,AAPL,205.37531276130616,207.66421866418904,204.6271923948835,207.5701810490827,15769205
2024-09-18,MSFT,408.29939032979775,419.9705385342968,406.1116091608759,416.18726098507494,53219684
2024-09-18,SPY,489.03104654772847,501.01071943929384,488.82422676390144,499.9306125268184,29949891
2024-09-19,AAPL,207.5701810490827,208.34776513149558,204.8016255706426,205.83784885171826,16013403
2024-09-19,MSFT,416.18726098507494,416.93507919433483,415.7271336350465,416.1294327966093,18413806
2024-09-19,SPY,499.9306125268184,508.2293641399346,497.1078590536634,505.8689402842032,16106894
2024-09-20,AAPL,205.83784885171826,207.12610543904964,202.70188352967207,204.11105570290576,54991088
2024-09-20,MSFT,416.1294327966093,422.39810129800236,414.2553067740774,421.3971006140709,21748999
2024-09-20,SPY,505.8689402842032,510.0004892940413,488.5125300376728,493.09919558582254,21312610
2024-09-23,AAPL,204.11105570290576,206.15588898400657,204.0308152792567,205.12383658714606,45542641
2024-09-23,MSFT,421.3971006140709,425.94103201753563,418.2106502701995,421.84326721526156,38217193
2024-09-23,SPY,493.09919558582254,494.9367730225422,488.9362120255157,494.60348666509924,31723044
2024-09-24,AAPL,205.12383658714606,206.8807014093707,196.33198662602885,197.91413278441814,56275293
2024-09-24,MSFT,421.84326721526156,423.0648823010593,420.37706014150194,422.30061551582537,49963321
2024-09-24,SPY,494.60348666509924,504.8000445550271,491.2607201465391,502.8520330620605,31538176
2024-09-25,AAPL,197.91413278441814,199.21778057314296,190.43550203164247,191.63880282097105,56826661
2024-09-25,MSFT,422.30061551582537,433.25803711125354,419.492689210679,429.5877038069781,42078991
2024-09-25,SPY,502.8520330620605,507.13553404014215,494.75679130211677,495.44603525986577,15580994
2024-09-26,AAPL,191.63880282097105,191.95104840641312,189.52959545838428,189.68467981635743,41648899
2024-09-26,MSFT,429.5877038069781,431.7024689468434,422.5450936609842,425.93317896606015,54844672
2024-09-26,SPY,495.44603525986577,500.7344476673508,494.18645594869656,498.72012772329,7596526
2024-09-27,AAPL,189.68467981635743,189.81853791891436,184.53243026059906,186.15867263162988,45177856
2024-09-27,MSFT,425.93317896606015,427.94979101740444,421.9840210048831,426.89437546637214,33512427
2024-09-27,SPY,498.72012772329,499.10720757862657,493.1930493350547,497.5491479832651,35075239
2024-09-30,AAPL,186.15867263162988,188.541611807636,184.44438879416884,187.3381156373532,28791175
2024-09-30,MSFT,426.89437546637214,430.6115578192835,422.6702824091598,423.66437732419325,35121540
2024-09-30,SPY,497.5491479832651,506.9846005548185,496.6395921348269,504.24887709364754,5291070
2024-10-01,AAPL,187.3381156373532,187.38778142695267,184.1077280986954,184.22024606663248,12353564
2024-10-01,MSFT,423.66437732419325,425.5509770599922,418.9851018430684,420.66488367580655,29705858
2024-10-01,SPY,504.24887709364754,511.1008057343474,502.84484950415856,506.73406297744464,19463484
2024-10-02,AAPL,184.22024606663248,185.2993632838527,178.9392508594271,179.4360692278329,57849014
2024-10-02,MSFT,420.66488367580655,422.8305394988577,417.97291742391457,418.610947541522,33932864
2024-10-02,SPY,506.73406297744464,509.7252408924196,501.1964975784635,501.846894421638,36356387
2024-10-03,AAPL,179.4360692278329,186.2802951297861,177.98945334130772,184.54514585933484,39003110
2024-10-03,MSFT,418.610947541522,421.99972429415254,414.4563029489436,420.48918682037606,54729731
2024-10-03,SPY,501.846894421638,502.98246909893606,497.4853644579122,500.8717999260457,28276833
2024-10-04,AAPL,184.54514585933484,185.6071555202787,182.45318283276265,183.82869888588246,15942402
2024-10-04,MSFT,420.48918682037606,422.98248103381934,413.3190937033597,417.18641581602293,25313511
2024-10-04,SPY,500.8717999260457,502.7963478274568,495.51190569835404,500.234026392909,37567580
2024-10-07,AAPL,183.82869888588246,184.84759445616095,183.48949629682866,184.1328461232424,30676873
2024-10-07,MSFT,417.18641581602293,427.46621314469,414.93378801726243,426.76834501994637,29719138
2024-10-07,SPY,500.234026392909,502.4856966062845,498.3579369337691,499.7019755011177,25612951
2024-10-08,AAPL,184.1328461232424,185.31735102863578,178.93338281116297,179.3087644963194,23988809
2024-10-08,MSFT,426.76834501994637,428.4373572215937,416.7825841165045,420.32183390148856,48683359
2024-10-08,SPY,499.7019755011177,509.18510314507324,497.32635929002805,506.25255244341093,40021655
2024-10-09,AAPL,179.3087644963194,180.1304520925284,176.88269598189115,177.54043376014732,31229010
2024-10-09,MSFT,420.32183390148856,424.3964855527953,416.9891141338687,419.17282842209045,22686655
2024-10-09,SPY,506.25255244341093,510.09678639328877,498.42353421227693,501.6054167069934,54775939
2024-10-10,AAPL,177.54043376014732,178.9511636369676,176.6802095505716,177.9800744690276,16493549
2024-10-10,MSFT,419.17282842209045,420.2548536330468,413.571550387617,416.1667064070035,15726569
2024-10-10,SPY,501.6054167069934,508.01354382151436,496.5920398677857,507.51174859572654,49116098
2024-10-11,AAPL,177.9800744690276,179.65569423678775,173.139064757339,174.21616450718173,49044769
2024-10-11,MSFT,416.1667064070035,429.9688796008227,415.7958001932623,427.1635400159852,7627745
2024-10-11,SPY,507.51174859572654,512.0268371849114,505.41333559153935,505.9436052942272,2147745
2024-10-14,AAPL,174.21616450718173,176.20136387584657,173.57345731397945,175.52366238541197,12669435
2024-10-14,MSFT,427.1635400159852,430.28130513879734,423.93730015109736,428.88660850116133,5911146
2024-10-14,SPY,505.9436052942272,507.45864400536664,503.4211182162638,507.39618504187314,5792824
2024-10-15,AAPL,175.52366238541197,177.2107792655387,172.80499546223476,173.60799269844696,18642016
2024-10-15,MSFT,428.88660850116133,440.3880617926973,428.3388624725995,437.0079229515458,37261449
2024-10-15,SPY,507.39618504187314,509.861462225519,505.44210024565916,507.98166421736545,45674032
2024-10-16,AAPL,173.60799269844696,175.1797537748294,171.42769041268338,172.71871259404261,43924694
2024-10-16,MSFT,437.0079229515458,437.5798512179418,422.4251404039298,425.9437236279122,36243988
2024-10-16,SPY,507.98166421736545,508.1642940463745,503.5834565329394,508.02499201882443,35692118
2024-10-17,AAPL,172.71871259404261,173.05688052142395,170.76754250618882,170.83020849817063,45728950
2024-10-17,MSFT,425.9437236279122,432.3466824808505,422.6127240714728,428.1939672724852,13245869
2024-10-17,SPY,508.02499201882443,510.11234321790505,505.6069569913403,508.1155799537231,7250295
2024-10-18,AAPL,170.83020849817063,177.10543878226815,170.3989699398213,176.98268129220014,52095903
2024-10-18,MSFT,428.1939672724852,437.1840441702851,425.15916523338615,435.2091107425865,30391654
2024-10-18,SPY,508.1155799537231,519.4708638977661,507.551685861059,516.7537077970243,39706355
2024-10-21,AAPL,176.98268129220014,177.1826400186048,175.72017606811485,177.0042586643699,57178417
2024-10-21,MSFT,435.2091107425865,437.11417730253135,435.05173747206356,436.08479711834997,26065754
2024-10-21,SPY,516.7537077970243,524.5575603837638,513.4752975030963,521.8871609223653,16401814
2024-10-22,AAPL,177.0042586643699,177.03651207177953,172.0129113651806,173.56669226225986,34722310
2024-10-22,MSFT,436.08479711834997,444.9328839673431,434.76290044231763,444.60611293590483,4253722
2024-10-22,SPY,521.8871609223653,522.7515540003537,515.910583770386,519.9180110302703,41234412
2024-10-23,AAPL,173.56669226225986,176.51882443732913,172.67859065092756,176.35227213016904,13484508
2024-10-23,MSFT,444.60611293590483,445.3608669591159,439.6543179272627,440.8141553800138,3649729
2024-10-23,SPY,519.9180110302703,532.9285878259396,519.9030308839177,529.5093315672733,29148868
2024-10-24,AAPL,176.35227213016904,177.55677009389174,171.47773036604235,172.39506776957654,9449607
2024-10-24,MSFT,440.8141553800138,454.51227935162086,439.2266231172023,452.1620587649063,51970088
2024-10-24,SPY,529.5093315672733,531.5756936703513,524.9610757638501,531.3377688505138,7149534
2024-10-25,AAPL,172.39506776957654,173.265398935815,172.21030850799733,173.1421413854476,51267520
2024-10-25,MSFT,452.1620587649063,472.72437420010914,451.76577151678083,471.13662879573627,3116271
2024-10-25,SPY,531.3377688505138,537.7402978492414,530.349358392735,533.6741977393781,14312829
2024-10-28,AAPL,173.1421413854476,173.69442262223595,166.16336334768985,166.91013995533234,22820280
2024-10-28,MSFT,471.13662879573627,475.0418019424042,464.00403345527593,468.3926752687106,12916876
2024-10-28,SPY,533.6741977393781,538.7261948279377,525.8877468437739,528.807129001092,5314344
2024-10-29,AAPL,166.91013995533234,168.32032251931952,161.96686922081008,162.8341520302086,15839094
2024-10-29,MSFT,468.3926752687106,470.41092086818924,462.4111285571013,464.98623273298057,33978888
2024-10-29,SPY,528.807129001092,530.6038507811905,523.8202345520791,526.0073600084262,2049976
2024-10-30,AAPL,162.8341520302086,163.54075326081733,162.43932724169161,163.5027030168449,18701250
2024-10-30,MSFT,464.98623273298057,478.51419484905847,463.56558675076843,477.32701443723664,33574515
2024-10-30,SPY,526.0073600084262,528.7280772251056,518.333206167766,522.0904500174759,54854268
2024-10-31,AAPL,163.5027030168449,167.21391301657565,163.06248305655276,165.86301106716064,54934615
2024-10-31,MSFT,477.32701443723664,494.11785880451856,475.4321144139183,491.0871391454254,38653987
2024-10-31,SPY,522.0904500174759,524.7549046062537,520.1526506725488,522.7740599620323,46306168
2024-11-01,AAPL,165.86301106716064,166.9329669704288,165.2372361939558,166.46378085581833,38992982
2024-11-01,MSFT,491.0871391454254,494.55803115995974,484.67369765295757,486.8509072787791,24461013
2024-11-01,SPY,522.7740599620323,526.7848040234918,518.2271636912386,526.7494570789972,31571637
2024-11-04,AAPL,166.46378085581833,166.6604824955191,166.12964180076779,166.16299270366673,2076218
2024-11-04,MSFT,486.8509072787791,487.6641523229307,480.622054029705,483.52608429228496,20458857
2024-11-04,SPY,526.7494570789972,531.1651042540921,522.9015714636649,529.1233521492841,14031301
2024-11-05,AAPL,166.16299270366673,167.3207120289145,164.75011311326332,165.28245346022342,25656190
2024-11-05,MSFT,483.52608429228496,484.33656692532526,478.91524621359173,481.39771519625987,49204953
2024-11-05,SPY,529.1233521492841,543.183325182613,525.6961505062435,538.9166131755768,35326436
2024-11-06,AAPL,165.28245346022342,166.32198562824377,160.44876584140684,160.78875044970738,19547260
2024-11-06,MSFT,481.39771519625987,481.57425060764774,466.05431664479426,470.3789428894103,52848057
2024-11-06,SPY,538.9166131755768,542.1284960587764,529.4469055944597,533.6964130925655,20804536
2024-11-07,AAPL,160.78875044970738,162.19962673580343,158.1563741988326,158.6760340087522,7579079
2024-11-07,MSFT,470.3789428894103,473.8428229032924,460.7759147450417,463.07723952311994,19443381
2024-11-07,SPY,533.6964130925655,535.1110425394096,529.672219201261,534.5697376794769,20589321
2024-11-08,AAPL,158.6760340087522,159.84241558820693,157.17156702010732,157.3600247403677,46489781
2024-11-08,MSFT,463.07723952311994,466.15116720546047,450.68564962744927,455.2019724810538,21565579
2024-11-08,SPY,534.5697376794769,539.0982890273123,526.8353750377307,527.0247807604443,58093351
2024-11-11,AAPL,157.3600247403677,161.88622113086356,155.95869079107567,160.59586398872736,49872760
2024-11-11,MSFT,455.2019724810538,457.3625015894711,445.5041522172745,449.329858777507,50785616
2024-11-11,SPY,527.0247807604443,529.8237321349766,519.6585287004498,521.717928594781,33676806
2024-11-12,AAPL,160.59586398872736,162.15913746822847,159.64257905937035,161.70307888087217,15061358
2024-11-12,MSFT,449.329858777507,453.1229686637018,448.36917048100196,449.3060207759604,49380429
2024-11-12,SPY,521.717928594781,533.8850705373616,516.8617400440123,529.4287451060126,3947238
2024-11-13,AAPL,161.70307888087217,161.99000408631616,155.40059658365413,156.4631414055455,31822180
2024-11-13,MSFT,449.3060207759604,455.0551068839305,445.1248004475123,451.41816545982596,23253537
2024-11-13,SPY,529.4287451060126,532.5006046117512,526.1683906897146,526.8307447924311,33455141
2024-11-14,AAPL,156.4631414055455,158.6658115410304,155.22837929455142,157.4837155407494,30645954
2024-11-14,MSFT,451.41816545982596,466.910491614618,450.89286640127966,464.1933157814533,39264820
2024-11-14,SPY,526.8307447924311,529.779355594888,518.3777972508163,522.2271153031365,45338836
2024-11-15,AAPL,157.4837155407494,158.754348866421,155.62119030353847,156.40075767925666,55517362
2024-11-15,MSFT,464.1933157814533,468.22377302844586,452.6152482097337,456.3456443491783,38789624
2024-11-15,SPY,522.2271153031365,522.7768073095825,504.9653089156639,509.9350945906697,32354748
2024-11-18,AAPL,156.40075767925666,157.9499152261977,154.33668041089132,154.47094700303774,54059744
2024-11-18,MSFT,456.3456443491783,465.55365637406146,454.6086865280196,464.59732362132087,29933715
2024-11-18,SPY,509.9350945906697,510.7885206041569,505.15802160442087,505.4218448783412,52107906
2024-11-19,AAPL,154.47094700303774,156.9708784005171,153.64127344147536,156.32585030856188,44290779
2024-11-19,MSFT,464.59732362132087,465.11729917764995,459.0397782674244,463.1057276325485,28906511
2024-11-19,SPY,505.4218448783412,510.3346728624097,500.9733883098488,504.4144729774963,35218943
2024-11-20,AAPL,156.32585030856188,160.05490851631197,155.40846594085548,159.46168221854953,18354286
2024-11-20,MSFT,463.1057276325485,464.3549535337503,458.94170208157914,462.9604613387828,37489522
2024-11-20,SPY,504.4144729774963,505.5669931969628,494.5492787723695,496.8754216358648,8330034
2024-11-21,AAPL,159.46168221854953,163.6147083472129,158.2729918930941,162.35416953265633,10860935
2024-11-21,MSFT,462.9604613387828,469.0333087157287,459.2293453883518,468.7657051122552,39491702
2024-11-21,SPY,496.8754216358648,501.73214096841815,492.69168859887884,495.5618602686294,23586261
2024-11-22,AAPL,162.35416953265633,162.907478290172,159.16979180106287,159.85984206994547,26444321
2024-11-22,MSFT,468.7657051122552,471.2556456955307,456.1981154819337,459.8309197031392,8739013
2024-11-22,SPY,495.5618602686294,505.5957122336132,495.1389411539696,502.92061358621834,47504302
2024-11-25,AAPL,159.85984206994547,161.34774926070978,158.78550180775778,158.9883396128455,38249378
2024-11-25,MSFT,459.8309197031392,467.54010329600953,458.42991081568107,463.2017295304189,9089975
2024-11-25,SPY,502.92061358621834,503.6035246948951,498.854575155471,499.0692096102308,17542211
2024-11-26,AAPL,158.9883396128455,161.42096332545998,158.5371690119948,160.0470986219345,39783647
2024-11-26,MSFT,463.2017295304189,465.00617696888025,462.8269100118019,464.8232990251916,10805586
2024-11-26,SPY,499.0692096102308,499.5647963286392,490.62955010996853,493.92336032867325,58734539
2024-11-27,AAPL,160.0470986219345,163.78620628134524,159.4659959409386,163.0865746167887,20699351
2024-11-27,MSFT,464.8232990251916,469.713267545802,462.95015326383776,469.1404006060357,53364964
2024-11-27,SPY,493.92336032867325,494.95498876522237,483.81465329300636,487.8310120165283,25809061
2024-11-28,AAPL,163.0865746167887,164.3111445210384,160.63304042292233,161.67734225185376,17105101
2024-11-28,MSFT,469.1404006060357,473.936367877838,468.3263270012783,471.80287983978917,40373507
2024-11-28,SPY,487.8310120165283,492.34655797119365,477.9491373941547,481.7162322008265,57726066
2024-11-29,AAPL,161.67734225185376,162.89726711682462,160.25188509723753,161.17181887260264,42576287
2024-11-29,MSFT,471.80287983978917,497.5633267571241,468.52408058886937,492.9596992790761,46564078
2024-11-29,SPY,481.7162322008265,486.8195778484356,479.09663173805694,484.81172898527353,31193726
2024-12-02,AAPL,161.17181887260264,161.3380254876973,157.3343076613521,157.89657218520858,53309687
2024-12-02,MSFT,492.9596992790761,494.5182214634219,486.0300623175393,487.71805316582163,49719804
2024-12-02,SPY,484.81172898527353,487.15948984597037,484.3275629230406,485.2406819074658,2045475
2024-12-03,AAPL,157.89657218520858,159.3216722870136,152.90195218045878,154.4253821231101,44842925
2024-12-03,MSFT,487.71805316582163,490.19192889973607,478.7249898546023,483.4414943890515,13768963
2024-12-03,SPY,485.2406819074658,492.2341234550506,481.9020103563695,490.6972290108907,34303854
2024-12-04,AAPL,154.4253821231101,157.66666629507995,153.48991204351265,156.87405640334686,10997354
2024-12-04,MSFT,483.4414943890515,483.642474840105,475.35767295077545,478.4242387323015,16263315
2024-12-04,SPY,490.6972290108907,502.9708332759262,489.5102869620051,502.2322412478052,43634984
2024-12-05,AAPL,156.87405640334686,162.33813556140154,156.5019091122751,161.00747724472083,42906639
2024-12-05,MSFT,478.4242387323015,479.1339485622155,470.12569087813296,474.02444984498266,50085527
2024-12-05,SPY,502.2322412478052,504.68238724941887,487.59642055048266,492.07960381352945,22080580
2024-12-06,AAPL,161.00747724472083,161.522781033272,160.68542699621955,160.84914323138918,30168643
2024-12-06,MSFT,474.02444984498266,478.7013178573432,468.36553776499505,468.98706133322855,57073945
2024-12-06,SPY,492.07960381352945,495.0121758062642,487.95467095337085,494.3692595468069,40950796
2024-12-09,AAPL,160.84914323138918,165.4591393888076,160.6032706156603,163.990565779708,31677043
2024-12-09,MSFT,468.98706133322855,483.81911257796435,464.94432494455134,479.1943186167349,5868452
2024-12-09,SPY,494.3692595468069,498.4996170050702,484.836734842093,488.3006565276762,5239254
2024-12-10,AAPL,163.990565779708,165.82029231455402,163.58721830935133,165.17741902681192,52831524
2024-12-10,MSFT,479.1943186167349,491.6512675347849,474.77251858516735,491.6269812556425,31171429
2024-12-10,SPY,488.3006565276762,494.67761103468695,483.6674354959165,492.85210170318385,3099577
2024-12-11,AAPL,165.17741902681192,165.19532037981017,162.97509923789733,163.23739131994327,3962165
2024-12-11,MSFT,491.6269812556425,496.3063448035541,484.60273550566416,486.9746033529158,29366868
2024-12-11,SPY,492.85210170318385,494.6993289642549,491.3438618415104,491.498299559929,28009905
2024-12-12,AAPL,163.23739131994327,165.90665792176182,162.93284417681866,164.41804656220694,9985620
2024-12-12,MSFT,486.9746033529158,490.08695513504216,477.23467415212184,480.14557078045954,10074037
2024-12-12,SPY,491.498299559929,494.1453457656832,487.8798869894024,491.8141152432426,25260701
2024-12-13,AAPL,164.41804656220694,169.48557879996815,163.94929865499728,169.3310021553319,2611213
2024-12-13,MSFT,480.14557078045954,488.6296227215652,476.47337039652894,484.42520772049244,36867175
2024-12-13,SPY,491.8141152432426,493.9983980262988,483.2700528251181,484.8713052999454,56954685
2024-12-16,AAPL,169.3310021553319,169.8716991378824,168.9867124086787,169.28019957680715,53100382
2024-12-16,MSFT,484.42520772049244,486.62808221073465,479.15855928324146,479.99778081409727,29906918
2024-12-16,SPY,484.8713052999454,489.69508613979866,478.31947226697514,482.6929887708275,25737188
2024-12-17,AAPL,169.28019957680715,176.08328091212525,167.76215327626375,174.42612464130755,51349430
2024-12-17,MSFT,479.99778081409727,488.1617434781524,477.58547479994826,485.6577116046301,15822356
2024-12-17,SPY,482.6929887708275,485.9807551309211,481.4057662937493,483.3446844714019,42786456
2024-12-18,AAPL,174.42612464130755,176.08423184827402,165.9301793004059,166.06341820100232,26527791
2024-12-18,MSFT,485.6577116046301,490.05547085482897,483.7215738669373,487.67150537790167,59751753
2024-12-18,SPY,483.3446844714019,491.4305760225578,479.84112911191727,490.9975078550638,14084335
2024-12-19,AAPL,166.06341820100232,169.69407110867067,165.19239665862838,168.7265292625637,39795793
2024-12-19,MSFT,487.67150537790167,490.9236123415039,474.3762291304151,475.0716104122049,45870245
2024-12-19,SPY,490.9975078550638,493.9772604779437,482.4835910610997,486.7555869630647,20380186
2024-12-20,AAPL,168.7265292625637,170.13627749036104,168.03408094018036,169.06804268280396,57842822
2024-12-20,MSFT,475.0716104122049,489.1725283818488,473.32555871340537,488.4903454850155,47677485
2024-12-20,SPY,486.7555869630647,487.49343197756724,483.6849434633112,483.8865151901222,26969138
2024-12-23,AAPL,169.06804268280396,169.82622074931137,166.52661920373296,168.17877149306037,37393865
2024-12-23,MSFT,488.4903454850155,504.6446072765331,488.15733033537316,504.4933924961316,52435843
2024-12-23,SPY,483.8865151901222,489.409475785744,481.96235217449646,489.2581108495901,43828557
2024-12-24,AAPL,168.17877149306037,169.02834908847862,167.99034584379982,168.5341886932361,33712006
2024-12-24,MSFT,504.4933924961316,506.04687870497634,499.2199318306152,499.34882328423475,42562875
2024-12-24,SPY,489.2581108495901,494.007545571892,480.98035459825667,484.67507648224,3531064
2024-12-25,AAPL,168.5341886932361,169.0881008182976,161.7363596874222,162.38240718627807,8569632
2024-12-25,MSFT,499.34882328423475,502.8676383808706,495.55217029020685,496.2228963651602,57608376
2024-12-25,SPY,484.67507648224,494.95671528017004,482.47019800658694,491.157421605394,51675645
2024-12-26,AAPL,162.38240718627807,163.47445884402794,160.2023435543512,161.7706622950151,22449430
2024-12-26,MSFT,496.2228963651602,500.0172687564072,491.4436986631018,499.00999984528073,56432684
2024-12-26,SPY,491.157421605394,496.08514191225464,489.8447904797272,491.27015890775436,39966319
2024-12-27,AAPL,161.7706622950151,164.1533460516439,160.37052568524584,162.92752088307537,20803796
2024-12-27,MSFT,499.00999984528073,505.6252988245921,496.2677925090612,502.2430313573177,52260240
2024-12-27,SPY,491.27015890775436,495.48210179731507,490.1903208213029,493.125561019514,50598394
2024-12-30,AAPL,162.92752088307537,168.9320606319413,161.59628561404972,167.60533194807323,48846098
2024-12-30,MSFT,502.2430313573177,513.3258732476367,497.392256857621,508.3948899680427,45281526
2024-12-30,SPY,493.125561019514,497.98608787279716,492.47701082793947,495.3495525737108,44170229
2024-12-31,AAPL,167.60533194807323,168.92877405742624,165.60612682666053,166.03433406808736,59560687
2024-12-31,MSFT,508.3948899680427,527.5335472862824,506.1960928553921,527.0386542174854,54496899
2024-12-31,SPY,495.3495525737108,496.18340893167243,487.8464453322151,492.06407194629935,4076198
2025-01-01,AAPL,166.03433406808736,166.1857675139137,163.2988817679737,163.5784169782387,43061756
2025-01-01,MSFT,527.0386542174854,530.5835273696174,524.0507522231361,525.6899382606388,45420892
2025-01-01,SPY,492.06407194629935,495.629368923206,489.2329547208967,494.40863727967655,9466511
2025-01-02,AAPL,163.5784169782387,164.3871818858902,161.0118992547583,162.09574143968098,8202258
2025-01-02,MSFT,525.6899382606388,528.0226885145323,516.0044488432007,518.6294496006476,9303693
2025-01-02,SPY,494.40863727967655,498.5544970259971,489.8861045599691,490.2605898418346,20246135
2025-01-03,AAPL,162.09574143968098,165.08145806070647,160.58926253934223,164.98649388063382,23116451
2025-01-03,MSFT,518.6294496006476,523.1318909962763,504.2210081590007,506.44690148775857,21992066
2025-01-03,SPY,490.2605898418346,492.0068276963252,485.7738333783478,487.6394459485157,55613589
2025-01-06,AAPL,164.98649388063382,166.98995421673666,164.06791030422175,166.0773114234779,11880860
2025-01-06,MSFT,506.44690148775857,507.34407110740693,499.7103420270138,500.23891790016734,12108631
2025-01-06,SPY,487.6394459485157,494.9604934259886,485.8462316111634,490.9016451175438,13038932
2025-01-07,AAPL,166.0773114234779,166.8105934092734,163.54469914617476,164.48491579713507,5526737
2025-01-07,MSFT,500.23891790016734,503.70370246867924,497.02054395381106,500.226124593159,46613348
2025-01-07,SPY,490.9016451175438,496.1946191690326,490.00948444052773,492.7012993369928,50193845
2025-01-08,AAPL,164.48491579713507,167.62570847088324,164.02439242067837,166.15078103792402,10790529
2025-01-08,MSFT,500.226124593159,520.9313290664142,499.14544516514974,516.6016119699257,9983439
2025-01-08,SPY,492.7012993369928,493.5742227878547,490.3017591412406,492.4464007679484,55742228
2025-01-09,AAPL,166.15078103792402,167.10298188912586,164.87226251939398,166.51864297223827,20786176
2025-01-09,MSFT,516.6016119699257,521.4815042546256,509.01921806017657,512.1927023498016,30727993
2025-01-09,SPY,492.4464007679484,494.9453021337328,484.0164858049418,485.62925748722023,40553543
2025-01-10,AAPL,166.51864297223827,169.85751052697705,166.20718026037588,169.6588959194202,23232430
2025-01-10,MSFT,512.1927023498016,518.0211902676917,508.8624198039396,514.5058392654753,27464695
2025-01-10,SPY,485.62925748722023,488.91884850702417,478.62210273645627,480.2636617283763,22462320
2025-01-13,AAPL,169.6588959194202,169.90149402844762,166.94381394906844,167.48593113204117,35246730
2025-01-13,MSFT,514.5058392654753,517.2029710770374,513.7236625189936,514.6442895450092,43822973
2025-01-13,SPY,480.2636617283763,483.06585399183604,476.71438572079865,481.93313178167955,26437007
2025-01-14,AAPL,167.48593113204117,168.76135430424267,165.80637073033202,166.51478530269358,42473321
2025-01-14,MSFT,514.6442895450092,529.0883563984081,514.3285571924271,525.8394717344084,11546263
2025-01-14,SPY,481.93313178167955,490.1503495497878,480.85715155579254,486.1122707682874,3420858
2025-01-15,AAPL,166.51478530269358,167.54420978352712,164.50844588970014,165.34776832262892,56148094
2025-01-15,MSFT,525.8394717344084,554.8940115531449,521.733919134721,550.114043211364,21726497
2025-01-15,SPY,486.1122707682874,488.7607448661539,477.11171269710354,480.1938849695953,37303414
2025-01-16,AAPL,165.34776832262892,165.51497241086608,160.5078825403661,160.89791474496081,22153729
2025-01-16,MSFT,550.114043211364,553.253047559557,542.7843445906518,545.2915976675055,26133277
2025-01-16,SPY,480.1938849695953,480.987367191219,473.08587472296034,475.8010315197494,58895262
2025-01-17,AAPL,160.89791474496081,161.99799196568966,160.71314468859612,161.86185512902216,17823554
2025-01-17,MSFT,545.2915976675055,545.4572957508105,540.5919353915733,540.9065471695448,36849361
2025-01-17,SPY,475.8010315197494,479.46300538061274,473.09804148605934,476.68401182962936,18448425
2025-01-20,AAPL,161.86185512902216,163.8643461638736,160.8734942005365,162.72370323463167,54269526
2025-01-20,MSFT,540.9065471695448,556.4008238151098,535.525250124389,551.2687941670744,38059026
2025-01-20,SPY,476.68401182962936,482.22593712252115,473.5235618133156,477.4527758143792,28610889
2025-01-21,AAPL,162.72370323463167,162.91924933633805,162.25403290973253,162.80079058672248,14790902
2025-01-21,MSFT,551.2687941670744,562.1002918862546,550.9502679652068,558.2510018903191,20020510
2025-01-21,SPY,477.4527758143792,478.1714448545234,466.32599063558587,468.8973394131268,23674015
2025-01-22,AAPL,162.80079058672248,164.13878526076368,161.19933002738492,162.1417599088625,12473867
2025-01-22,MSFT,558.2510018903191,580.96041623283,554.3709607617255,577.056551418976,33386811
2025-01-22,SPY,468.8973394131268,473.7514131312855,464.77453557295826,469.9133631720203,49550906
2025-01-23,AAPL,162.1417599088625,163.28687348519358,157.67803254962328,157.9218049357321,12864147
2025-01-23,MSFT,577.056551418976,584.6146752413889,571.3801677358158,583.3565201774742,55899323
2025-01-23,SPY,469.9133631720203,470.8875358810573,463.73687231780656,466.89109561084183,16579873
2025-01-24,AAPL,157.9218049357321,158.050272398415,155.9763708271798,156.73046394102317,8193956
2025-01-24,MSFT,583.3565201774742,587.2001715285784,578.6080317080811,579.9952649873252,43266066
2025-01-24,SPY,466.89109561084183,479.54115774217473,464.33737289392525,475.81841003265663,10466685
2025-01-27,AAPL,156.73046394102317,156.86343048390583,154.94770933575987,155.7773631099912,15579173
2025-01-27,MSFT,579.9952649873252,588.7064955589276,579.1702253844651,586.3968869453856,51351998
2025-01-27,SPY,475.81841003265663,480.8298214165623,471.8702443466666,477.32350830270207,26257032
2025-01-28,AAPL,155.7773631099912,157.31432422877987,153.41164941862132,153.49119398405483,37259647
2025-01-28,MSFT,586.3968869453856,602.2077474089389,585.685089439392,598.3113466144049,37969234
2025-01-28,SPY,477.32350830270207,481.211298205909,474.4302282535052,479.76964135829405,15837264
2025-01-29,AAPL,153.49119398405483,154.06566669719453,152.566481791919,153.08176155043236,24214365
2025-01-29,MSFT,598.3113466144049,608.01971237653,596.4968169950464,607.3722958411417,52147733
2025-01-29,SPY,479.76964135829405,483.9415460897729,478.3728196448598,482.36987352964695,16749151
2025-01-30,AAPL,153.08176155043236,154.88525695629252,152.87599719519184,154.31330680274888,16529416
2025-01-30,MSFT,607.3722958411417,617.2073647951655,606.7585715789551,613.1736308555185,35997463
2025-01-30,SPY,482.36987352964695,486.19275796575386,474.94831741761476,475.93395244700946,49984649
2025-01-31,AAPL,154.31330680274888,161.2736616809365,154.2155107901271,159.97339858947413,9271476
2025-01-31,MSFT,613.1736308555185,631.4165408676661,608.9294800252743,625.168520860984,28256492
2025-01-31,SPY,475.93395244700946,488.94839990879314,475.2089727960301,486.70253291441765,58339157
2025-02-03,AAPL,159.97339858947413,162.08350094505477,158.38972556103568,160.56257424471085,58761259
2025-02-03,MSFT,625.168520860984,638.8606891400345,624.7790921479966,638.5528298015854,51607755
2025-02-03,SPY,486.70253291441765,490.2594427711532,473.68774065713535,477.9870198222201,12029840
2025-02-04,AAPL,160.56257424471085,162.99828580280902,160.04499461304263,161.40681291042958,5266402
2025-02-04,MSFT,638.5528298015854,661.0744348165366,635.2999003866495,654.677099213018,17663645
2025-02-04,SPY,477.9870198222201,483.193546011776,474.59266463506685,482.4795527594105,35517379
2025-02-05,AAPL,161.40681291042958,162.62281662841846,159.93481682948521,161.24066376161693,49044083
2025-02-05,MSFT,654.677099213018,665.2772400690774,648.151953162266,662.581144645267,58775993
2025-02-05,SPY,482.4795527594105,490.18139273978346,477.9568934632922,486.0376410083956,52288175
2025-02-06,AAPL,161.24066376161693,161.84734721479367,155.16111322830625,155.55722516499873,26899065
2025-02-06,MSFT,662.581144645267,668.3505928235498,655.6198120860723,661.000156844172,21567589
2025-02-06,SPY,486.0376410083956,489.4928083156476,480.65930955033326,483.5766880838911,32749806
2025-02-07,AAPL,155.55722516499873,155.68711656288806,154.4779294724296,155.5379246630992,22886096
2025-02-07,MSFT,661.000156844172,668.2711475468312,656.9335553925292,663.08328021521,30849268
2025-02-07,SPY,483.5766880838911,491.82739727885274,481.28743177979806,487.40689549043714,50529560
2025-02-10,AAPL,155.5379246630992,156.98436985646887,154.3554820271161,155.77377873917376,41054025
2025-02-10,MSFT,663.08328021521,681.5668162522934,661.0525636607204,677.7240109058462,33632286
2025-02-10,SPY,487.40689549043714,488.0520875935783,485.52634184445117,485.81645437384606,23223034
2025-02-11,AAPL,155.77377873917376,164.16979252113714,154.8459297652945,163.25815206198288,16072989
2025-02-11,MSFT,677.7240109058462,682.7286585052867,664.2316631101038,668.401794073024,56248291
2025-02-11,SPY,485.81645437384606,488.6974163934207,479.03100982633106,482.2701399978277,40677396
2025-02-12,AAPL,163.25815206198288,163.9507290749197,161.9596921512913,162.72707428594816,15126263
2025-02-12,MSFT,668.401794073024,679.0520541679657,664.8790394727298,673.1384283260223,9061183
2025-02-12,SPY,482.2701399978277,487.9117667290967,479.4623209970138,485.00599596856915,58765284
2025-02-13,AAPL,162.72707428594816,165.20263581453642,162.0568976156438,163.71876362123248,6261946
2025-02-13,MSFT,673.1384283260223,675.8588521354159,666.0081751864153,668.8580682771544,22064274
2025-02-13,SPY,485.00599596856915,486.72030175361596,474.9117626088961,479.66141257532496,39649509
2025-02-14,AAPL,163.71876362123248,163.90081476444203,163.1020878908576,163.67309136750876,18867309
2025-02-14,MSFT,668.8580682771544,671.7609979628413,667.9838013762521,669.5712778439887,13592111
2025-02-14,SPY,479.66141257532496,481.8604991035975,477.4577801763183,478.60239982617907,25041214
2025-02-17,AAPL,163.67309136750876,164.47938610455404,158.66949262836133,160.15820986597112,11944790
2025-02-17,MSFT,669.5712778439887,689.7987398632642,663.6348306705844,685.2242282392598,31324003
2025-02-17,SPY,478.60239982617907,478.78418049957577,473.0229420835817,475.5468468416591,40184664
2025-02-18,AAPL,160.15820986597112,163.73511565413588,158.82790469165897,163.716527861137,14800127
2025-02-18,MSFT,685.2242282392598,693.479396195343,682.1421948506352,687.9220458641106,57842141
2025-02-18,SPY,475.5468468416591,479.0937607372019,470.8113276229329,473.89618963017557,2920114
2025-02-19,AAPL,163.716527861137,166.90074340197853,162.1366193100682,166.12219406079845,45946719
2025-02-19,MSFT,687.9220458641106,694.1216714206715,686.5831946990811,688.8705138953877,2290998
2025-02-19,SPY,473.89618963017557,479.00244478925157,470.8414966143792,476.38555186423247,44544931
2025-02-20,AAPL,166.12219406079845,168.7827834957444,165.9157087859876,168.6878067348768,16338768
2025-02-20,MSFT,688.8705138953877,694.3664168782077,670.445267397204,672.919993597582,6855920
2025-02-20,SPY,476.38555186423247,476.66062189283167,470.686289757756,473.34313420604417,17762512
2025-02-21,AAPL,168.6878067348768,168.8882380718375,164.66372628499073,165.8760604600423,3732465
2025-02-21,MSFT,672.919993597582,685.1886639271395,670.1332316933787,682.2170403286573,54159670
2025-02-21,SPY,473.34313420604417,476.56544548607565,468.7983605198479,472.46910533937194,49458792
2025-02-24,AAPL,165.8760604600423,170.59678043989845,164.3195782765648,170.39651980553222,31396082
2025-02-24,MSFT,682.2170403286573,696.0607422421986,676.5714357899229,690.414297880765,8367712
2025-02-24,SPY,472.46910533937194,474.6745064435507,468.97424499640346,469.93752862660267,50591742
2025-02-25,AAPL,170.39651980553222,171.50275156655698,165.7032776406499,166.00413201906977,55505232
2025-02-25,MSFT,690.414297880765,718.5305147530107,685.3493193060598,717.6678130542393,46991633
2025-02-25,SPY,469.93752862660267,478.0188869351278,466.5275340945907,477.85421235533477,13918529
2025-02-26,AAPL,166.00413201906977,169.1714973749278,165.89374546760249,167.9187481530057,15109773
2025-02-26,MSFT,717.6678130542393,721.5754360558938,708.6870589328644,714.1812905505406,53741502
2025-02-26,SPY,477.85421235533477,484.52666308857226,474.8927846003195,479.8737699361541,43701479
2025-02-27,AAPL,167.9187481530057,176.10310766171077,166.6742676364144,175.08173550339393,33404552
2025-02-27,MSFT,714.1812905505406,717.3892655500803,714.10250732388,717.3479559167088,9997043
2025-02-27,SPY,479.8737699361541,485.8001612529436,475.5737405157259,481.23272304203175,37737358
2025-02-28,AAPL,175.08173550339393,176.7663238998004,170.91207388505993,171.8995908159639,46599847
2025-02-28,MSFT,717.3479559167088,723.2529797554469,714.3626837173006,720.9129983170008,2181360
2025-02-28,SPY,481.23272304203175,487.6259799371541,477.15574617360977,485.13769696776563,50110687
2025-03-03,AAPL,171.8995908159639,172.5439918082546,168.70161679076696,170.13385252029025,50730049
2025-03-03,MSFT,720.9129983170008,744.3852944321704,717.442925761223,741.6673688087935,21221242
2025-03-03,SPY,485.13769696776563,485.5921371922722,480.5215141915957,482.04065103073435,21262886
2025-03-04,AAPL,170.13385252029025,171.00601989845046,169.89605239117677,170.51882700032448,38413676
2025-03-04,MSFT,741.6673688087935,744.6056523865908,740.6934088316032,740.835592049233,21292635
2025-03-04,SPY,482.04065103073435,490.59646754973323,480.7090748310343,486.9220504245863,38898682
2025-03-05,AAPL,170.51882700032448,171.9999520450482,167.62401028497612,168.96775561294922,53217688
2025-03-05,MSFT,740.835592049233,750.0872512447644,738.9108033260046,744.9066696369935,7532410
2025-03-05,SPY,486.9220504245863,491.40524156668454,482.14216393202287,488.9996999631422,30531909
2025-03-06,AAPL,168.96775561294922,169.3455604829395,163.81893986304624,164.1499109293138,35877350
2025-03-06,MSFT,744.9066696369935,756.2847836980274,739.2432200359854,753.3575518985934,6138286
2025-03-06,SPY,488.9996999631422,490.47866722452335,478.04696225802894,480.5808979993092,56354926
2025-03-07,AAPL,164.1499109293138,166.00849058592487,163.88126984486922,164.42471467377615,21023125
2025-03-07,MSFT,753.3575518985934,759.6570316376834,752.3246255760981,756.2637245354852,50268283
2025-03-07,SPY,480.5808979993092,482.94255988980774,468.73155579788704,473.0191000843712,32474646
2025-03-10,AAPL,164.42471467377615,164.44469963410495,160.95263452890833,161.21745967544828,31228266
2025-03-10,MSFT,756.2637245354852,758.0601846270508,746.7325270627804,750.7513752364407,13031669
2025-03-10,SPY,473.0191000843712,475.49036067941154,469.3453798019881,470.1158104050338,2537977
2025-03-11,AAPL,161.21745967544828,164.3064417610556,159.90422300433286,162.72817564043143,2116739
2025-03-11,MSFT,750.7513752364407,756.560318643609,749.1357442227368,753.7469446682832,10333100
2025-03-11,SPY,470.1158104050338,472.7612070691366,460.3024919237645,463.280546907878,45942054
2025-03-12,AAPL,162.72817564043143,162.79840897775662,158.9211995075447,159.98541806201243,33251097
2025-03-12,MSFT,753.7469446682832,770.3327977574017,753.6555846997346,768.586035140142,8893728
2025-03-12,SPY,463.280546907878,465.3246505415877,458.44115710913775,462.1842029611903,30869116
2025-03-13,AAPL,159.98541806201243,166.2716046359122,159.1485896554577,164.8029742794513,45229625
2025-03-13,MSFT,768.586035140142,769.1486087885181,753.3954701853829,755.2170647536091,55915845
2025-03-13,SPY,462.1842029611903,464.98390828089873,452.7238037440796,457.05391078288574,11946749
2025-03-14,AAPL,164.8029742794513,165.67264140253118,161.859843164384,162.4427372247912,44723356
2025-03-14,MSFT,755.2170647536091,761.9840753762736,747.8470996260766,757.4134744188123,50006403
2025-03-14,SPY,457.05391078288574,461.25302370743196,455.15895559447694,456.6995866240186,5668280
2025-03-17,AAPL,162.4427372247912,164.05573641928595,160.1010920434893,161.5179281830209,17985249
2025-03-17,MSFT,757.4134744188123,762.474608192859,742.5360327864901,748.535825221379,52643603
2025-03-17,SPY,456.6995866240186,465.905008633861,453.38860061787346,464.2232758525635,38277840
2025-03-18,AAPL,161.5179281830209,164.2032278479535,160.88405897625623,164.08214086465108,30700374
2025-03-18,MSFT,748.535825221379,769.6472020698329,741.3530502681789,764.9086667236888,20904815
2025-03-18,SPY,464.2232758525635,467.59222059152455,461.61702368655875,464.11775050353384,45791098
2025-03-19,AAPL,164.08214086465108,164.99091683176735,159.06031622296575,160.36989589391663,50571172
2025-03-19,MSFT,764.9086667236888,768.4539728344675,741.4132750381159,745.048021942355,29391022
2025-03-19,SPY,464.11775050353384,468.2690635895878,462.3994210054064,462.67993888347644,23562024
2025-03-20,AAPL,160.36989589391663,162.6832272008822,159.66565569820872,161.12147268076072,13878474
2025-03-20,MSFT,745.048021942355,747.8776083851988,737.341379310345,738.1513985956487,40488026
2025-03-20,SPY,462.67993888347644,466.9955665931525,459.4874485205993,464.8758291541922,35245660
2025-03-21,AAPL,161.12147268076072,166.0776705556452,160.5141342648832,165.21344259912985,45309893
2025-03-21,MSFT,738.1513985956487,749.9131166215979,734.1066279640519,743.4942803169795,17697605
2025-03-21,SPY,464.8758291541922,466.9373481505052,458.18880170515837,461.37271895934515,8637640
2025-03-24,AAPL,165.21344259912985,166.25329375686516,159.5885756432675,160.330391957138,36569361
2025-03-24,MSFT,743.4942803169795,768.7074311416407,740.1160108234694,764.7378164324912,30997166
2025-03-24,SPY,461.37271895934515,468.7667412962681,457.079153041004,465.9611103059682,8837388
2025-03-25,AAPL,160.330391957138,162.071284661834,159.84719163021853,160.95146694069263,37974996
2025-03-25,MSFT,764.7378164324912,768.402301460217,757.8251121912565,764.278350576192,52153549
2025-03-25,SPY,465.9611103059682,471.51294247608246,463.64382771010946,468.74077783181554,46102213
2025-03-26,AAPL,160.95146694069263,162.54035196505905,159.74817867631273,161.80488233006972,12971177
2025-03-26,MSFT,764.278350576192,764.4743273337912,756.5107020204208,757.2534357332653,57167099
2025-03-26,SPY,468.74077783181554,472.8871019170877,467.66149787511216,469.1033641771409,34149765
2025-03-27,AAPL,161.80488233006972,165.30614818162826,160.99145619443132,164.27522572898965,38207525
2025-03-27,MSFT,757.2534357332653,785.9112543040472,753.5562129485047,783.2384700399039,39937226
2025-03-27,SPY,469.1033641771409,472.32106252443475,468.8943137821372,470.0812036985461,40208851
2025-03-28,AAPL,164.27522572898965,165.23510938386812,160.16735103014167,160.54014562909964,22080673
2025-03-28,MSFT,783.2384700399039,786.216308387641,762.7678772498672,763.914120186616,26100710
2025-03-28,SPY,470.0812036985461,486.04497427621016,468.1273479042941,481.25112141044355,43985331
2025-03-31,AAPL,160.54014562909964,161.98686601149018,155.2334771535668,156.64259410101724,33366160
2025-03-31,MSFT,763.914120186616,766.9607837244082,732.8776504802585,735.2648785397545,42253576
2025-03-31,SPY,481.25112141044355,486.8719297343649,479.79814390559517,486.5825514571789,6622580
2025-04-01,AAPL,156.64259410101724,158.3268952068036,156.04125693333216,158.25497404938787,48365848
2025-04-01,MSFT,735.2648785397545,745.7091369396862,729.8433509202948,741.4076943537204,57030361
2025-04-01,SPY,486.5825514571789,499.0523883985094,482.87922855888576,499.03657967530296,56920706
2025-04-02,AAPL,158.25497404938787,159.65299061121328,157.3947746100872,159.20568125115798,58220645
2025-04-02,MSFT,741.4076943537204,745.3638646924209,731.7818480644315,735.2819233214128,43422223
2025-04-02,SPY,499.03657967530296,505.43840001781365,497.26865393874806,502.2231757265512,42799568
2025-04-03,AAPL,159.20568125115798,161.5423032418089,157.7625261515451,160.02144108871693,8944121
2025-04-03,MSFT,735.2819233214128,739.7517395796733,719.843556672823,722.5595734626684,56121976
2025-04-03,SPY,502.2231757265512,503.72198502089174,489.38704797915517,494.07618271717575,37677259
2025-04-04,AAPL,160.02144108871693,162.56782445168005,159.02252645183202,161.13331292294345,8238795
2025-04-04,MSFT,722.5595734626684,737.6522910991531,719.7092473468214,732.0529406901869,15099507
2025-04-04,SPY,494.07618271717575,495.2638548471865,488.0314191871923,492.7734281640274,59763948
2025-04-07,AAPL,161.13331292294345,161.86752774426418,158.94974984943525,159.13577645417624,16157398
2025-04-07,MSFT,732.0529406901869,741.5990945903538,728.6895471111649,735.6186201174588,14285500
2025-04-07,SPY,492.7734281640274,494.31038395297657,480.5229916541903,483.52524141400073,43191606
2025-04-08,AAPL,159.13577645417624,160.88762197372088,157.64016730689818,159.89605441767839,57098996
2025-04-08,MSFT,735.6186201174588,740.9012671815412,723.0222406865734,728.7429937495609,48801033
2025-04-08,SPY,483.52524141400073,487.8381326238631,479.0349345192961,486.59222507955684,12457279
2025-04-09,AAPL,159.89605441767839,161.29088104595343,158.89237400755516,160.84472803656283,49226729
2025-04-09,MSFT,728.7429937495609,735.7063057374494,706.5094168324233,712.8688103417121,29428913
2025-04-09,SPY,486.59222507955684,491.0367312676008,482.88996699496926,490.88558735147933,53040320
2025-04-10,AAPL,160.84472803656283,161.14731100429972,158.2160987194726,158.74775386029273,53048404
2025-04-10,MSFT,712.8688103417121,724.4604326401584,706.0585273272499,724.3283688714555,40844162
2025-04-10,SPY,490.88558735147933,495.6547030329321,483.4822842472693,486.1407920372378,25698370
2025-04-11,AAPL,158.74775386029273,165.26984515634368,158.52666257318492,164.50702868830186,42345400
2025-04-11,MSFT,724.3283688714555,734.5278446667849,718.6286044091983,733.0926107203217,47405132
2025-04-11,SPY,486.1407920372378,487.2139259031887,481.83025913610834,482.70060663420367,31142798
2025-04-14,AAPL,164.50702868830186,166.63606378064375,163.20080144239662,166.04932479186945,5751198
2025-04-14,MSFT,733.0926107203217,733.1480535979445,729.9108603027997,732.2203337274452,56769258
2025-04-14,SPY,482.70060663420367,487.2265960380497,480.4869515788504,483.67626827433475,30658787
2025-04-15,AAPL,166.04932479186945,167.0184818247043,161.4068690030648,162.4139536816712,59701082
2025-04-15,MSFT,732.2203337274452,761.7860120891538,727.181671486044,756.885370698744,38793968
2025-04-15,SPY,483.67626827433475,487.3647660581862,474.6314459372135,477.3085476926687,23284383
2025-04-16,AAPL,162.4139536816712,164.63157049795498,161.54753843083904,164.50369414851465,17732903
2025-04-16,MSFT,756.885370698744,763.6824325481522,739.8965588741252,743.1486003656994,35007453
2025-04-16,SPY,477.3085476926687,481.74397268342364,466.5579537151842,470.6239639534744,54558687
2025-04-17,AAPL,164.50369414851465,166.10660960271682,160.11801562458106,161.56220822088088,5138145
2025-04-17,MSFT,743.1486003656994,744.9580356448444,721.9797316351719,723.8230964173309,17341821
2025-04-17,SPY,470.6239639534744,477.5849987836215,468.35869373699114,477.4391437172646,2296063
2025-04-18,AAPL,161.56220822088088,165.66298899696287,160.28813315245824,164.04515802274403,31063435
2025-04-18,MSFT,723.8230964173309,730.5331865643338,709.4268361707157,715.4427912695529,37880565
2025-04-18,SPY,477.4391437172646,482.38985720980145,473.1532934466642,478.21955155632577,3383875
2025-04-21,AAPL,164.04515802274403,168.91092157906914,163.79634272660562,167.73982633245274,36780908
2025-04-21,MSFT,715.4427912695529,715.8739699688659,714.9924409738835,715.2672920795513,33979500
2025-04-21,SPY,478.21955155632577,480.7408502340254,472.1552185884316,475.3608093529811,42179601
2025-04-22,AAPL,167.73982633245274,168.63907344633296,164.70559097350372,165.22062010692565,39738488
2025-04-22,MSFT,715.2672920795513,725.4615799947383,708.8172834974017,718.745364369079,45682501
2025-04-22,SPY,475.3608093529811,478.36767615362925,465.8431080165774,466.48218423829616,3876336
2025-04-23,AAPL,165.22062010692565,168.84062956622657,164.81006480922582,168.31963381593422,44515252
2025-04-23,MSFT,718.745364369079,721.2726361336838,712.7889779297329,716.0935884661267,12538832
2025-04-23,SPY,466.48218423829616,474.2056789351305,461.8407734139044,471.16913391209846,43096018
2025-04-24,AAPL,168.31963381593422,171.08278806343955,167.0674261404887,169.7017635632073,17016390
2025-04-24,MSFT,716.0935884661267,721.6880389918464,711.5306295450911,720.9568385933837,35251322
2025-04-24,SPY,471.16913391209846,475.0317681296754,465.21593924467754,467.68170996800126,5956778
2025-04-25,AAPL,169.7017635632073,173.6043745040808,169.64485843009498,172.42373543865054,48361481
2025-04-25,MSFT,720.9568385933837,724.4597642680316,700.9577045148217,705.6101728650907,9948140
2025-04-25,SPY,467.68170996800126,479.40569593838893,465.8490603867038,477.81263363165965,48696307
2025-04-28,AAPL,172.42373543865054,179.07467113879108,171.44111035611587,178.78393817049795,37055276
2025-04-28,MSFT,705.6101728650907,726.0738566935154,699.2941310275452,724.2142442142789,7720626
2025-04-28,SPY,477.81263363165965,486.1895898538446,474.66330479501903,482.65150723716533,51039847
2025-04-29,AAPL,178.78393817049795,180.41252966480167,176.66650617827872,178.02386459658663,44872208
2025-04-29,MSFT,724.2142442142789,726.2773343481938,718.963027966173,723.5697773679998,15654772
2025-04-29,SPY,482.65150723716533,485.20269745066526,477.88705695300985,478.40801129085526,4887757
2025-04-30,AAPL,178.02386459658663,179.48817718418465,174.03283758748256,175.57219425441383,55775257
2025-04-30,MSFT,723.5697773679998,740.6522002930973,719.1275394955641,738.3832227468968,41776146
2025-04-30,SPY,478.40801129085526,482.2036718163941,471.67871713338724,474.70036843475503,4468665
2025-05-01,AAPL,175.57219425441383,177.23977880320697,172.11973721708893,172.71054848155146,36954715
2025-05-01,MSFT,738.3832227468968,749.2442163556956,737.8910752617782,743.2755214263909,41929257
2025-05-01,SPY,474.70036843475503,489.01688632471996,472.3352403047104,484.220459770601,30075808
2025-05-02,AAPL,172.71054848155146,173.9639426249266,168.73512875747,170.13235313520323,24704829
2025-05-02,MSFT,743.2755214263909,753.7487039972036,739.4223214981614,749.7065764483066,40560290
2025-05-02,SPY,484.220459770601,485.19205304960786,481.95097313333537,483.91894600655445,8472973
2025-05-05,AAPL,170.13235313520323,171.1759708425377,169.76067498676963,169.94869217685755,16142073
2025-05-05,MSFT,749.7065764483066,760.0609445992837,748.5807495733944,757.702159440275,35422637
2025-05-05,SPY,483.91894600655445,488.73223922926013,476.6839344437467,481.27053903680303,2692924
2025-05-06,AAPL,169.94869217685755,171.82807956497834,168.51015757715368,171.11241380998928,2691757
2025-05-06,MSFT,757.702159440275,768.7999047201274,752.1146078502304,764.1361238060565,31168537
2025-05-06,SPY,481.27053903680303,482.01448032439447,478.7557093254053,481.5819611904122,18167670
2025-05-07,AAPL,171.11241380998928,173.67934152868764,170.89426488253895,172.07435500698975,2390719
2025-05-07,MSFT,764.1361238060565,778.8178746811874,760.2220510750736,773.2800245715847,59360370
2025-05-07,SPY,481.5819611904122,481.5931220830637,477.8719552640606,478.9213556672419,4570115
2025-05-08,AAPL,172.07435500698975,176.36563449753606,171.39072546423324,174.85131043751846,45470977
2025-05-08,MSFT,773.2800245715847,794.2248023671451,768.0199590333796,792.0654418710884,10221252
2025-05-08,SPY,478.9213556672419,480.604022925191,476.72328154979067,480.39187257302183,53993303
2025-05-09,AAPL,174.85131043751846,175.03933837964755,173.4572290423953,174.96022369327864,45092987
2025-05-09,MSFT,792.0654418710884,798.5487503286633,791.7353652267916,795.259959909666,38970303
2025-05-09,SPY,480.39187257302183,482.0337674672619,475.72433299209354,480.13866742488096,9499066
2025-05-12,AAPL,174.96022369327864,179.94810182058785,174.697927827034,179.90066745747896,25631669
2025-05-12,MSFT,795.259959909666,806.6997600469535,794.5856429568536,805.7177022163978,54209619
2025-05-12,SPY,480.13866742488096,488.16035031947473,479.2931649754387,485.09018383647407,6672412
2025-05-13,AAPL,179.90066745747896,180.57792756722546,178.66010490033858,179.07062681075408,17713642
2025-05-13,MSFT,805.7177022163978,807.1772545930486,799.1273853476148,804.8930223153442,26774704
2025-05-13,SPY,485.09018383647407,485.4250393632684,482.08453412085163,483.1181995138955,21877714
2025-05-14,AAPL,179.07062681075408,190.11639702801503,177.77728460937584,188.58779239530693,55669568
2025-05-14,MSFT,804.8930223153442,831.6880865374372,804.3128205247085,826.0616332684908,59146260
2025-05-14,SPY,483.1181995138955,483.1455720950385,478.39210719757045,478.454447744026,15177733
2025-05-15,AAPL,188.58779239530693,192.78758177268872,187.22989138659506,190.9028435679588,22073266
2025-05-15,MSFT,826.0616332684908,827.5604258468406,816.1391418246164,816.7211105629717,23740617
2025-05-15,SPY,478.454447744026,482.9380014490974,476.65574557659517,476.7233928615234,15059040
2025-05-16,AAPL,190.9028435679588,191.18999369028197,186.70143506839034,187.90619116509023,54449972
2025-05-16,MSFT,816.7211105629717,847.9824198861666,816.6222180895611,843.5523916034176,14429667
2025-05-16,SPY,476.7233928615234,480.64170940720885,471.0264257533785,474.96575193081316,42735911
2025-05-19,AAPL,187.90619116509023,189.02259956285033,182.93267677543378,184.2110061874085,42381731
2025-05-19,MSFT,843.5523916034176,849.5335683017519,835.3588309158303,843.4262144506754,38421189
2025-05-19,SPY,474.96575193081316,478.8090948641112,471.23076988438515,474.70620130018926,22588882
2025-05-20,AAPL,184.2110061874085,186.67672958547413,183.21124802949288,185.9683929803882,25025010
2025-05-20,MSFT,843.4262144506754,844.3276424372548,816.7983429964995,822.8670563241242,28502745
2025-05-20,SPY,474.70620130018926,482.5231991983645,473.02079938805014,478.2930592741033,35161204
2025-05-21,AAPL,185.9683929803882,187.7721271992894,184.78805089052918,185.25452002854365,49133465
2025-05-21,MSFT,822.8670563241242,829.8707970519115,819.9602668575598,825.1893967689591,12636547
2025-05-21,SPY,478.2930592741033,484.9800144282953,474.9530854769472,481.60858924298026,22596928
2025-05-22,AAPL,185.25452002854365,189.42381603334402,184.61410257502007,187.84196331468146,26694812
2025-05-22,MSFT,825.1893967689591,827.3065256561181,813.3725768584683,815.791689486985,14743293
2025-05-22,SPY,481.60858924298026,488.87684926658636,479.70524355667413,488.3669739774282,53365316
2025-05-23,AAPL,187.84196331468146,191.19037620610095,187.50084659810702,189.60089745831792,40457098
2025-05-23,MSFT,815.791689486985,836.418036152327,812.9388396008508,828.4407574533866,41467750
2025-05-23,SPY,488.3669739774282,490.31604748906204,479.44230875645013,484.0548519313762,16025093
2025-05-26,AAPL,189.60089745831792,190.48954389561493,187.69080392675409,189.41151388789922,33970599
2025-05-26,MSFT,828.4407574533866,832.446646671706,813.0691474221793,819.4167885094593,59072934
2025-05-26,SPY,484.0548519313762,489.87189359988315,479.373786506201,486.35482120792204,41158759
2025-05-27,AAPL,189.41151388789922,190.19722978717923,185.38691168355462,186.47479030952772,53207679
2025-05-27,MSFT,819.4167885094593,826.0212267764524,808.0678067512171,813.4477108471854,53909617
2025-05-27,SPY,486.35482120792204,491.92065661121035,484.44444974186865,490.545488560916,33699468
2025-05-28,AAPL,186.47479030952772,186.98462557360193,180.55375589507585,181.28042103109408,41787171
2025-05-28,MSFT,813.4477108471854,817.9235160588291,785.7654510301301,787.2233537905678,15487010
2025-05-28,SPY,490.545488560916,493.917529468267,482.8116890108916,486.9715062953042,38027631
2025-05-29,AAPL,181.28042103109408,181.38261876878124,178.9941280355098,179.82492964687734,3270896
2025-05-29,MSFT,787.2233537905678,787.5651073876729,780.0438982958308,781.4043962964939,48206264
2025-05-29,SPY,486.9715062953042,487.09080675785225,482.2308343782795,485.9879539945813,15436735
2025-05-30,AAPL,179.82492964687734,184.40883373525784,178.1214780478638,182.827880145606,13952314
2025-05-30,MSFT,781.4043962964939,786.3518689805974,748.3822563457309,749.119357204381,32190179
2025-05-30,SPY,485.9879539945813,487.4757445939354,475.1206059092438,476.5980595945489,50471997
2025-06-02,AAPL,182.827880145606,185.13111205043597,182.54751102611533,183.63831434001654,3059622
2025-06-02,MSFT,749.119357204381,756.2465038059404,724.0748079590536,728.8876730880215,46690216
2025-06-02,SPY,476.5980595945489,484.3293322418834,475.4921622725197,481.6842578569195,27048546
2025-06-03,AAPL,183.63831434001654,185.47417902339842,178.38128772623338,179.4331785474143,6422375
2025-06-03,MSFT,728.8876730880215,743.589335613415,723.3162549766325,739.1425665652256,13416757
2025-06-03,SPY,481.6842578569195,484.7289350611657,478.4659147553185,480.6685043959859,27463499
2025-06-04,AAPL,179.4331785474143,181.88410561553394,178.52544641098035,180.08926961493415,18770274
2025-06-04,MSFT,739.1425665652256,756.0203395030811,737.1834955923148,749.8774271604266,29804333
2025-06-04,SPY,480.6685043959859,488.04606255657364,476.91280660968926,485.2459958379157,36262607
2025-06-05,AAPL,180.08926961493415,182.48179545581243,178.98810614831032,181.473832254101,52709813
2025-06-05,MSFT,749.8774271604266,762.6323455736019,749.7203656255282,755.9482027057119,5651387
2025-06-05,SPY,485.2459958379157,489.9376921235654,480.5868201091938,486.54280913702786,30840826
2025-06-06,AAPL,181.473832254101,182.86934318598082,178.50274848666976,178.53508151811738,33354977
2025-06-06,MSFT,755.9482027057119,757.6723676424951,742.9685226359617,743.579534338341,29270507
2025-06-06,SPY,486.54280913702786,486.57243350375524,481.97524924160854,485.6838293030362,20644522
2025-06-09,AAPL,178.53508151811738,180.81430038609057,176.97803438634494,179.12201695522342,27874486
2025-06-09,MSFT,743.579534338341,745.156256371519,736.174491574404,743.3692656075403,46470459
2025-06-09,SPY,485.6838293030362,486.1740843884315,473.0688130898174,477.1494283298697,27429449
2025-06-10,AAPL,179.12201695522342,180.91093532338516,177.4523878872304,179.38678022597495,33873646
2025-06-10,MSFT,743.3692656075403,748.2815583251285,741.1730199349306,743.7374638142608,37266104
2025-06-10,SPY,477.1494283298697,481.2955908621249,466.8786123187446,469.71127335037977,53174488
2025-06-11,AAPL,179.38678022597495,179.83049002164216,174.62726233316502,175.61974780494646,6131479
2025-06-11,MSFT,743.7374638142608,746.7944365311556,723.4947065358582,729.1031366344645,7905950
2025-06-11,SPY,469.71127335037977,472.9135235875846,452.44130882670345,456.2528811240566,6394643
2025-06-12,AAPL,175.61974780494646,177.67481292750287,174.39629138497278,176.8778999227413,44955157
2025-06-12,MSFT,729.1031366344645,755.4056754771165,724.5486949605353,749.1141555701856,5212883
2025-06-12,SPY,456.2528811240566,456.76813499751233,449.9449247680349,453.50229133277264,24666334
2025-06-13,AAPL,176.8778999227413,179.06076900478368,175.2462023905146,178.82979348939614,52746656
2025-06-13,MSFT,749.1141555701856,768.0733984276533,746.252991663812,761.222222405559,5028631
2025-06-13,SPY,453.50229133277264,469.445054314272,451.7926532621437,465.52498739570973,57460291
2025-06-16,AAPL,178.82979348939614,184.33863889453784,177.56504010017625,182.59657440072846,20409209
2025-06-16,MSFT,761.222222405559,763.9125444835436,757.1244406298006,758.6849589505555,16218200
2025-06-16,SPY,465.52498739570973,466.652634241956,456.39523106258326,458.92847172014933,2125355
2025-06-17,AAPL,182.59657440072846,187.4692115230937,182.31804333374336,186.3396677234342,38905710
2025-06-17,MSFT,758.6849589505555,761.2680074072805,757.7640184537712,759.4690488260879,16987811
2025-06-17,SPY,458.92847172014933,461.12334249753707,441.99969066897575,445.58555432857,39776534
2025-06-18,AAPL,186.3396677234342,186.76571996748285,180.57263486509228,181.61928566821632,54673683
2025-06-18,MSFT,759.4690488260879,768.644657090384,754.7982156875661,762.6916541272851,59563860
2025-06-18,SPY,445.58555432857,451.2801676228582,445.38033217422407,450.6258745668311,19393153
2025-06-19,AAPL,181.61928566821632,182.83922365306276,177.41307763619773,178.49603996788042,26755666
2025-06-19,MSFT,762.6916541272851,764.7875768254487,730.4225791238163,736.1248508864522,29736989
2025-06-19,SPY,450.6258745668311,466.30878169278446,446.98446023352176,463.02082425641305,53707255
2025-06-20,AAPL,178.49603996788042,181.42437647795057,177.73898351531648,180.3098304953371,7703394
2025-06-20,MSFT,736.1248508864522,742.1803193119816,728.6101439790401,733.3321005671746,8423959
2025-06-20,SPY,463.02082425641305,467.8412760872323,462.197165198187,464.74212269572035,18796693
2025-06-23,AAPL,180.3098304953371,182.79010111019443,178.98194914238948,182.13775158854102,59572595
2025-06-23,MSFT,733.3321005671746,736.4395092035637,721.1240650616386,724.9685889542493,45721579
2025-06-23,SPY,464.74212269572035,467.4058946640944,462.35017112834305,466.42122129776936,5556210
2025-06-24,AAPL,182.13775158854102,184.19752362552333,180.4359165162558,183.9885906121022,21545578
2025-06-24,MSFT,724.9685889542493,729.8081160397082,712.3722101474004,712.6711844283128,59315945
2025-06-24,SPY,466.42122129776936,470.4483056992381,461.1818088375651,464.9398030745363,8508856
2025-06-25,AAPL,183.9885906121022,199.28855419321806,182.28565015005563,197.95911384639268,13415376
2025-06-25,MSFT,712.6711844283128,713.3520370809656,702.6708945205874,709.5427362938292,6024733
2025-06-25,SPY,464.9398030745363,466.80563451326964,454.57098269922517,455.7277157006755,38041543
2025-06-26,AAPL,197.95911384639268,201.22343389571182,197.0666362218904,200.18187219884783,53502013
2025-06-26,MSFT,709.5427362938292,737.3825955087906,703.8755177631962,732.8108864613564,23636437
2025-06-26,SPY,455.7277157006755,457.0607880432919,447.33932760251946,448.44163049121266,4009606
2025-06-27,AAPL,200.18187219884783,206.18152801090937,199.9551901586424,204.60135412327517,11068026
2025-06-27,MSFT,732.8108864613564,744.905457547534,730.6650546984538,741.5553501555844,52275547
2025-06-27,SPY,448.44163049121266,449.124739785928,445.18220461393435,446.9824909548603,3559757
2025-06-30,AAPL,204.60135412327517,209.48613335690155,202.58635569423433,208.40210168836836,15283692
2025-06-30,MSFT,741.5553501555844,745.9053765987275,727.3340392867003,734.5322372715372,45357062
2025-06-30,SPY,446.9824909548603,448.1722153673273,440.58347773752564,444.5607080933429,59647478
2025-07-01,AAPL,208.40210168836836,212.86160775622844,206.6538204451915,211.06296818731295,28280417
2025-07-01,MSFT,734.5322372715372,743.6501963550918,730.111222965456,742.4028540815315,56132898
2025-07-01,SPY,444.5607080933429,444.6586311303067,444.1262173638293,444.1281838809849,41711170
2025-07-02,AAPL,211.06296818731295,212.22783914285915,209.6266449703336,209.88829734934117,24708377
2025-07-02,MSFT,742.4028540815315,766.990784909936,738.0789316441833,761.3803728432956,44895286
2025-07-02,SPY,444.1281838809849,451.0891779612215,440.1248875040589,448.4734231192043,31765233
2025-07-03,AAPL,209.88829734934117,214.1955390600681,207.95555800063596,213.00073704632504,25567809
2025-07-03,MSFT,761.3803728432956,781.0129756107142,755.6846904806143,774.3320612160618,2019675
2025-07-03,SPY,448.4734231192043,452.25060417789547,444.9870973336677,445.6725730579318,22209423
2025-07-04,AAPL,213.00073704632504,214.86801568133046,208.16490246755802,209.99161185976172,57182836
2025-07-04,MSFT,774.3320612160618,777.2611271213357,768.0462674836142,775.580136284409,27239821
2025-07-04,SPY,445.6725730579318,452.60815619128897,441.26002963021585,450.1369921089064,58503286
2025-07-07,AAPL,209.99161185976172,210.83889203409908,208.04766925855918,209.1327294488463,4721864
2025-07-07,MSFT,775.580136284409,776.3224793645562,762.1723576008187,767.2089200343835,28133385
2025-07-07,SPY,450.1369921089064,451.12402532558855,443.0873735175718,447.35896716362157,14856498
2025-07-08,AAPL,209.1327294488463,209.41299915398224,206.07564103332757,207.3013630711316,56278856
2025-07-08,MSFT,767.2089200343835,777.333707364852,766.2261580420774,777.1500000933709,29164495
2025-07-08,SPY,447.35896716362157,452.9596442981531,445.1459933446513,452.80718783911425,54212945
2025-07-09,AAPL,207.3013630711316,207.7604306233662,206.47422502731814,207.70064881791623,35458471
2025-07-09,MSFT,777.1500000933709,788.0265155286864,774.5211541702188,782.999879454086,52818447
2025-07-09,SPY,452.80718783911425,454.37472250526406,450.48555370351215,453.40159539693894,58414707
2025-07-10,AAPL,207.70064881791623,218.70871538632946,207.58690853877954,217.06954240093972,42539152
2025-07-10,MSFT,782.999879454086,800.7378242019408,775.7329856690999,795.9059267875365,42365237
2025-07-10,SPY,453.40159539693894,455.28829659060176,449.1432232817764,451.3165350790052,11212367
2025-07-11,AAPL,217.06954240093972,218.416045505532,208.91953130250818,209.62217906461078,30104320
2025-07-11,MSFT,795.9059267875365,809.7254086874426,794.1181978203812,805.3227301576723,32115806
2025-07-11,SPY,451.3165350790052,455.253594617272,448.44867283503487,451.8215068141877,30196679
2025-07-14,AAPL,209.62217906461078,213.93430302565633,207.93922017096426,212.43856606237105,49744216
2025-07-14,MSFT,805.3227301576723,822.7323944887514,802.3255845205574,820.8285066035922,54569705
2025-07-14,SPY,451.8215068141877,452.6702212209666,450.06125633432674,450.46993032317243,23306491
2025-07-15,AAPL,212.43856606237105,212.89098407330732,206.1297950199844,206.13934344179418,9733308
2025-07-15,MSFT,820.8285066035922,824.0371744520074,810.0549964079473,813.5702453646805,6464344
2025-07-15,SPY,450.46993032317243,454.44587609457403,450.32299627400533,451.1981900846537,10519792
2025-07-16,AAPL,206.13934344179418,206.4204587062106,203.70443792625602,204.3860637559342,5875754
2025-07-16,MSFT,813.5702453646805,838.114572743745,809.9953771118787,833.161624054886,49612108
2025-07-16,SPY,451.1981900846537,459.191491836295,450.9378355160153,455.2448221104802,19912843
2025-07-17,AAPL,204.3860637559342,208.74477362801036,203.57226243599524,208.71441681388413,21482215
2025-07-17,MSFT,833.161624054886,840.693443991574,828.0548466748994,836.5378014322295,12797637
2025-07-17,SPY,455.2448221104802,457.3113916316272,452.9244781575097,454.9461009880258,29413629
2025-07-18,AAPL,208.71441681388413,209.77979754722583,207.5927947152288,209.04690510585448,57629865
2025-07-18,MSFT,836.5378014322295,876.7869117776028,828.6486155533213,868.2108507093612,14310059
2025-07-18,SPY,454.9461009880258,458.6831738062721,451.9455430674057,453.19431065106465,2245300
2025-07-21,AAPL,209.04690510585448,210.28010977289614,203.02457915202137,204.90945023860166,30160024
2025-07-21,MSFT,868.2108507093612,869.3954354457397,856.1343989798596,858.2000238903083,2566088
2025-07-21,SPY,453.19431065106465,455.7079861959678,444.8220060881987,447.6062943225477,44527050
2025-07-22,AAPL,204.90945023860166,205.7131953550092,201.53392277337716,202.23435335545568,53655718
2025-07-22,MSFT,858.2000238903083,891.5333536640162,857.1572990498669,885.3786919045439,15727532
2025-07-22,SPY,447.6062943225477,453.5767705392201,443.16406016778734,450.70536793785624,18869252
2025-07-23,AAPL,202.23435335545568,205.8221759094044,201.5326947911548,204.92567746172213,59696034
2025-07-23,MSFT,885.3786919045439,892.5656230362093,883.6303302645244,888.9713450451227,42113379
2025-07-23,SPY,450.70536793785624,455.02137685061916,448.96418865921277,452.6392340587283,41550234
2025-07-24,AAPL,204.92567746172213,206.7785307917425,200.70162938264164,202.19280383450925,30356738
2025-07-24,MSFT,888.9713450451227,892.777916921405,871.5079471626533,879.306737567356,12151607
2025-07-24,SPY,452.6392340587283,454.7357354962005,444.1982813563328,446.76198593930917,25216267
2025-07-25,AAPL,202.19280383450925,203.8054552697035,201.27845170038145,203.09815484204262,12912996
2025-07-25,MSFT,879.306737567356,885.6166230694212,866.6875516798063,872.3210956364992,2658003
2025-07-25,SPY,446.76198593930917,452.22322691986346,444.90522572031244,451.16455376637805,53185040
2025-07-28,AAPL,203.09815484204262,204.39498549859854,202.64198659096527,203.34978895713022,12047595
2025-07-28,MSFT,872.3210956364992,878.3613622583151,865.4094581812619,867.8908169501055,46343121
2025-07-28,SPY,451.16455376637805,452.53245789179164,441.4521937658915,445.2244544260123,58347525
2025-07-29,AAPL,203.34978895713022,204.94334570469553,200.02769427470457,200.93681181380742,32908587
2025-07-29,MSFT,867.8908169501055,883.5695298283191,860.8092883956115,874.8970602795737,2805113
2025-07-29,SPY,445.2244544260123,451.9072094715904,441.20747732106463,450.6006023689406,27447520
2025-07-30,AAPL,200.93681181380742,210.15425208296125,200.65377820784033,209.32419210750663,30003805
2025-07-30,MSFT,874.8970602795737,884.6304920661485,867.3609595032597,883.496133483208,11322004
2025-07-30,SPY,450.6006023689406,456.8388146048118,446.647232695426,454.2799061777651,39216772
2025-07-31,AAPL,209.32419210750663,213.24521196636553,208.9549714730197,211.92684326023087,24564965
2025-07-31,MSFT,883.496133483208,884.4159382101001,867.6820558226366,875.0898165965448,7028035
2025-07-31,SPY,454.2799061777651,457.1462945259421,449.85352888607076,456.5985876577517,14818331
2025-08-01,AAPL,211.92684326023087,213.7544234455997,203.02931654521612,204.04621713290052,53993441
2025-08-01,MSFT,875.0898165965448,881.5422805305396,867.0483840786615,875.2028465841152,13551409
2025-08-01,SPY,456.5985876577517,460.7846455692622,454.67697764280445,454.802135484491,52486340
2025-08-04,AAPL,204.04621713290052,206.7887151698103,203.1914156005795,204.8436821614278,42131083
2025-08-04,MSFT,875.2028465841152,914.6740008183111,872.9952259953051,909.4140688228243,22811680
2025-08-04,SPY,454.802135484491,461.233505552019,450.9826336449092,457.9333850506821,27139317
2025-08-05,AAPL,204.8436821614278,205.14495289524584,200.522607215453,202.3740176204808,8867218
2025-08-05,MSFT,909.4140688228243,940.6471488155161,902.5476112972945,938.075315278316,28769370
2025-08-05,SPY,457.9333850506821,465.57239093036395,454.49076929081514,463.710844007027,56788983
2025-08-06,AAPL,202.3740176204808,207.64444729737494,201.64062652722697,205.73810349019288,11004644
2025-08-06,MSFT,938.075315278316,946.6021360703352,933.7551079372805,945.8509472164795,17433222
2025-08-06,SPY,463.710844007027,467.73193379577344,462.6503632309997,466.991173042521,12779706
2025-08-07,AAPL,205.73810349019288,206.75057421854098,201.57891944141497,202.7560977242805,59797675
2025-08-07,MSFT,945.8509472164795,947.8253543375209,937.8868959284198,947.014158585846,37646533
2025-08-07,SPY,466.991173042521,471.10999862204727,459.1760799268305,463.60967237867584,53989536
2025-08-08,AAPL,202.7560977242805,203.2797039685874,201.1135595463346,202.39321959500438,47334458
2025-08-08,MSFT,947.014158585846,958.0424561182464,940.1152487291477,949.5516518967631,41549566
2025-08-08,SPY,463.60967237867584,469.0041703057461,462.92270517107147,465.17218377456607,21363133
2025-08-11,AAPL,202.39321959500438,205.34954669511455,202.36671730272678,204.41102260066265,49517690
2025-08-11,MSFT,949.5516518967631,962.2621635254848,942.1788823424147,960.4194324543556,12347918
2025-08-11,SPY,465.17218377456607,474.74011628227333,462.0111065386788,471.33836571071424,26887345
2025-08-12,AAPL,204.41102260066265,209.89840269095214,203.05467907318572,207.86129429544675,40542128
2025-08-12,MSFT,960.4194324543556,963.5251557759443,937.582939231025,943.7756347797822,28621905
2025-08-12,SPY,471.33836571071424,484.7125302637014,470.27837183813085,483.39987218359715,48780271
2025-08-13,AAPL,207.86129429544675,208.88525664155392,202.9140662990638,203.27597063880447,52760636
2025-08-13,MSFT,943.7756347797822,945.9147626786689,938.3580888746466,940.025965377712,34382711
2025-08-13,SPY,483.39987218359715,485.34529871455874,480.355622277847,482.4367611078386,24924776
2025-08-14,AAPL,203.27597063880447,203.9442436656071,200.1291359657421,202.07118211723045,39639184
2025-08-14,MSFT,940.025965377712,943.3630228286639,908.2957078441932,913.2732931348748,8208714
2025-08-14,SPY,482.4367611078386,487.8152860073928,478.9672693938328,487.31457879373636,26335061
2025-08-15,AAPL,202.07118211723045,203.3511027110889,200.043261380028,200.34109391505257,56706505
2025-08-15,MSFT,913.2732931348748,920.8798141823373,904.2805673782167,920.2409475540223,46106899
2025-08-15,SPY,487.31457879373636,494.7214204784435,484.56941568717167,493.7879660542528,20602180
2025-08-18,AAPL,200.34109391505257,200.82220427470185,197.1365715024695,197.95735043205164,15143608
2025-08-18,MSFT,920.2409475540223,936.1604680344915,911.6147187286309,931.3263275460572,14834263
2025-08-18,SPY,493.7879660542528,497.6544079815255,487.33060691768753,489.4228987728807,43279354
2025-08-19,AAPL,197.95735043205164,204.90590720007887,197.7883944905206,204.75057659834968,38532022
2025-08-19,MSFT,931.3263275460572,931.9560211515204,923.539915113643,923.9388140161324,59093774
2025-08-19,SPY,489.4228987728807,503.15148723932043,487.8257237644035,499.57930180008594,43706945
2025-08-20,AAPL,204.75057659834968,206.66743876966217,202.70947081973463,206.40142918171318,26376816
2025-08-20,MSFT,923.9388140161324,958.087207276611,922.4160259623588,950.4799789098574,32647215
2025-08-20,SPY,499.57930180008594,502.54423383104404,489.6000248461552,493.7458092078262,11777117
2025-08-21,AAPL,206.40142918171318,206.66571762332975,200.60481387081757,201.61732602206365,58942382
2025-08-21,MSFT,950.4799789098574,952.7013654567095,929.4445948732572,930.6705557812907,14124052
2025-08-21,SPY,493.7458092078262,502.9263764979418,493.0357318801074,498.46152341426153,29664038
2025-08-22,AAPL,201.61732602206365,205.5341692706678,200.41692667060695,205.22243087048415,38851723
2025-08-22,MSFT,930.6705557812907,935.6962876682256,900.858916123689,907.4467975678365,25119273
2025-08-22,SPY,498.46152341426153,503.27496120920046,496.31762606366254,500.3565489892613,31843907
2025-08-25,AAPL,205.22243087048415,213.99736354962198,205.08477489304533,213.70068892525472,47745469
2025-08-25,MSFT,907.4467975678365,919.5780439111844,900.0258307810701,911.5556334100543,55873131
2025-08-25,SPY,500.3565489892613,503.17723325551884,495.834538791898,500.838477832536,59121056
2025-08-26,AAPL,213.70068892525472,219.39053979747897,212.0980182333446,217.99347467298085,23671503
2025-08-26,MSFT,911.5556334100543,935.1136928795204,909.6093585224786,929.0666085808931,29758455
2025-08-26,SPY,500.838477832536,517.4394389889799,496.602137819259,515.6842008260473,6764812
2025-08-27,AAPL,217.99347467298085,218.3899613887007,211.45822437995025,211.90302067227987,38045138
2025-08-27,MSFT,929.0666085808931,962.7139086311682,924.3669001220704,957.6102502377126,45627391
2025-08-27,SPY,515.6842008260473,520.5339451870335,512.0353746302477,514.0966026095646,17512659
2025-08-28,AAPL,211.90302067227987,212.63550008711894,208.16549859206964,210.0518784969624,59874183
2025-08-28,MSFT,957.6102502377126,960.7161035025262,942.4313346210541,950.4215574332668,53844408
2025-08-28,SPY,514.0966026095646,514.5218399870942,508.51007078096814,512.4203936618001,33276622
2025-08-29,AAPL,210.0518784969624,217.15292014151407,209.62097882858802,215.2228267755191,43601684
2025-08-29,MSFT,950.4215574332668,972.4464302678851,943.4568535786044,969.2189127467167,45405476
2025-08-29,SPY,512.4203936618001,525.2326319593931,508.202349692612,520.3884020391416,31274326
2025-09-01,AAPL,215.2228267755191,216.2429004155245,212.03863226228967,212.4437363808871,40808656
2025-09-01,MSFT,969.2189127467167,975.7077069348697,963.8473010365701,969.1021333628788,55889337
2025-09-01,SPY,520.3884020391416,529.4184835199984,515.7627349774423,525.0775901065748,51358349
2025-09-02,AAPL,212.4437363808871,215.74452664253158,212.36608890087578,214.31385789940117,12880726
2025-09-02,MSFT,969.1021333628788,978.7363591210733,960.9889462901933,966.6958126941952,48389268
2025-09-02,SPY,525.0775901065748,533.6363813457912,522.2185123364599,532.9439277027094,53899794
2025-09-03,AAPL,214.31385789940117,217.9312124333278,213.3021530174681,217.55631966349267,24992356
2025-09-03,MSFT,966.6958126941952,988.9319187983774,961.7815125737662,982.4298132813175,30046417
2025-09-03,SPY,532.9439277027094,536.8441743683155,531.8542658259537,533.8281289429176,19260671
